{"count":1,"self":15.836067199999999,"total":29.89038,"children":{"InitializeActuators":{"count":1,"self":0.001869,"total":0.001869,"children":null},"InitializeSensors":{"count":1,"self":0.0020729999999999998,"total":0.0020729999999999998,"children":null},"AgentSendState":{"count":5767,"self":0.032966999999999996,"total":8.737335,"children":{"CollectObservations":{"count":1154,"self":8.6450408,"total":8.6450409999999991,"children":null},"WriteActionMask":{"count":1154,"self":0.0032559999999999998,"total":0.0032559999999999998,"children":null},"RequestDecision":{"count":1154,"self":0.022626,"total":0.056070999999999996,"children":{"AgentInfo.ToProto":{"count":1154,"self":0.010915,"total":0.033444999999999996,"children":{"GenerateSensorData":{"count":1154,"self":0.022529999999999998,"total":0.022529999999999998,"children":null}}}}}}},"DecideAction":{"count":5767,"self":5.292984,"total":5.292984,"children":null},"AgentAct":{"count":5767,"self":0.017405,"total":0.017405,"children":null},"AgentInfo.ToProto":{"count":29,"self":0.00037799999999999997,"total":0.00080899999999999993,"children":{"GenerateSensorData":{"count":29,"self":0.00043099999999999996,"total":0.00043099999999999996,"children":null}}}},"gauges":{"My Behavior.CumulativeReward":{"count":29,"max":100,"min":-140,"runningAverage":-44.8275871,"value":0,"weightedAverage":-23.6716347}},"metadata":{"timer_format_version":"0.1.0","start_time_seconds":"1718556248","unity_version":"2022.3.33f1","command_line_arguments":"\/home\/warduck\/Unity\/Hub\/Editor\/2022.3.33f1\/Editor\/Unity -projectpath \/home\/warduck\/proib\/UnityPort\/DrivingGame-UnityPort -useHub -hubIPC -cloudEnvironment production -licensingIpc LicenseClient-warduck -hubSessionId 163fb841-073a-4743-9622-a9bd377a3465 -accessToken 30RAKdkZY_KShrf4kxSMLtajVTB47y-h5g3HReOgDgM001f","communication_protocol_version":"1.5.0","com.unity.ml-agents_version":"2.0.1","scene_name":"Environment","end_time_seconds":"1718556277"}}